,importance
euribor3m,0.140447622966778
nr_employed,0.10168239175044949
age,0.07872981069517952
emp_var_rate,0.07418344352444246
campaign,0.04728633516754831
cons_conf_idx,0.04610335687002906
cons_price_idx,0.033928298508314615
pdays_capped,0.026182826823743257
was_previously_contacted,0.023284467001061755
poutcome_success,0.01970389184990391
month_may,0.016008970884844594
contact_cellular,0.014688251772710211
contact_telephone,0.013731255350430134
housing_no,0.013620117131556567
housing_yes,0.013471495633375229
education_university.degree,0.012769810170819374
day_of_week_mon,0.012421218966337766
marital_married,0.012211024373411978
job_admin.,0.012163023352069553
age_band_36-45,0.012103278729591667
day_of_week_thu,0.011611837338201106
education_high.school,0.011562598960100956
day_of_week_fri,0.011470896829430486
job_blue-collar,0.011414253078896968
default_no,0.01136497174493096
marital_single,0.010902067308257848
day_of_week_wed,0.010760883164903198
day_of_week_tue,0.010188398764984273
poutcome_nonexistent,0.010158866784207904
age_band_26-35,0.009860055503215694
previous,0.009816528914657048
education_basic.9y,0.009565530757543333
default_unknown,0.009498400839653786
job_technician,0.008697221919453298
loan_no,0.008593813484060048
loan_yes,0.008090713587121575
age_band_46-55,0.007817159259161216
month_oct,0.0073954551942185835
education_professional.course,0.0072998403029749
job_services,0.006876023930220411
marital_divorced,0.0063775675832795494
education_basic.4y,0.005982481278234455
poutcome_failure,0.00580491146468097
job_management,0.0055197530777566
month_mar,0.004883012737366717
month_apr,0.004589445414869901
education_basic.6y,0.004487554369646279
job_retired,0.004086266506160798
age_band_56-65,0.0038110774835210075
job_entrepreneur,0.0037113183852777913
month_jul,0.0031233930327395653
education_unknown,0.003025311785640614
job_self-employed,0.003023332321147386
month_jun,0.0029984323596392334
month_aug,0.0028043651450531636
age_band_<=25,0.002599073092850625
age_band_65+,0.0023731804786045812
month_nov,0.002300074958572326
job_student,0.002230986892808524
job_housemaid,0.0019076543913695775
job_unemployed,0.0016401128681783773
month_sep,0.0014186211669179136
housing_unknown,0.0012985046246953911
loan_unknown,0.0012476290618765348
job_unknown,0.0006065597958257504
month_dec,0.00030021146088008896
marital_unknown,0.00018275907361503592
default_yes,0.0
education_illiterate,0.0
